feature,importance
price_change_vol,0.14857377
price_change_lag_1,0.097915046
relative_volume_10,0.062187932
volume_spike,0.058681812
price_change,0.05449137
relative_volume_10_lag_1,0.05276423
volume_ema_10,0.047250777
volume_ma_spike,0.046964362
close,0.045332093
high,0.04415513
low,0.04348142
body_abs_vol,0.03941918
volume,0.03904432
body_abs,0.03861658
open,0.038385812
volume_sma_10,0.038256828
volume_std_spike,0.03601127
volume_lag_1,0.035157274
volume_change,0.03331075
